"Date","Price","Open","High","Low","Vol.","Change %"
"09/12/2024","119.566","119.470","119.953","119.470","","0.48%"
"09/11/2024","119.000","119.500","119.500","119.500","","0.00%"
"09/10/2024","119.000","119.500","119.500","119.500","","0.00%"
"09/09/2024","119.000","119.500","119.500","119.500","","0.00%"
"09/06/2024","119.000","119.000","119.000","119.000","","0.00%"
"09/05/2024","119.000","119.500","119.500","119.500","","0.00%"
"09/04/2024","119.000","119.500","119.500","119.500","","0.00%"
"09/03/2024","119.000","119.500","119.500","119.500","","0.00%"
"09/02/2024","119.000","119.500","119.500","119.500","","0.00%"
"08/30/2024","119.000","119.000","119.000","119.000","","0.00%"
"08/29/2024","119.000","119.500","119.500","119.500","","0.21%"
"08/28/2024","118.750","119.250","119.250","119.250","","-0.21%"
"08/27/2024","119.000","119.250","119.500","119.250","","-0.43%"
"08/26/2024","119.508","118.562","119.508","118.562","","-0.04%"
"08/23/2024","119.550","119.590","119.780","119.550","","0.46%"
"08/22/2024","119.000","119.250","119.500","119.250","","0.21%"
"08/21/2024","118.750","119.250","119.250","119.250","","-0.04%"
"08/20/2024","118.800","119.250","119.300","119.250","","0.00%"
"08/19/2024","118.800","117.500","119.300","119.000","","1.09%"
"08/16/2024","117.518","117.904","117.904","117.518","","0.44%"
"08/15/2024","117.000","117.500","117.500","117.500","","0.00%"
"08/14/2024","117.000","117.500","117.500","117.500","","0.00%"
"08/13/2024","117.000","117.500","117.500","117.500","","0.00%"
"08/12/2024","117.000","117.500","117.500","117.500","","-0.47%"
"08/09/2024","117.558","117.486","117.628","117.486","","0.48%"
"08/08/2024","117.000","117.500","117.500","117.500","","0.00%"
"08/07/2024","117.000","117.500","117.500","117.500","","0.00%"
"08/06/2024","117.000","117.500","117.500","117.500","","-0.37%"
"08/05/2024","117.431","116.440","117.431","116.440","","-0.01%"
"08/02/2024","117.440","117.399","117.440","117.399","","0.38%"
"08/01/2024","117.000","117.500","117.500","117.500","","0.00%"
"07/31/2024","117.000","117.500","117.500","117.500","","0.00%"
"07/30/2024","117.000","117.500","117.500","117.500","","0.00%"
"07/29/2024","117.000","117.500","117.500","117.500","","-0.38%"
"07/26/2024","117.450","117.504","117.504","117.450","","0.38%"
"07/25/2024","117.000","117.500","117.500","117.500","","0.00%"
"07/24/2024","117.000","117.500","117.500","117.500","","-0.38%"
"07/23/2024","117.441","117.534","117.534","117.441","","-0.08%"
"07/22/2024","117.534","117.485","117.534","117.485","","0.06%"
"07/19/2024","117.460","117.521","117.932","117.460","","0.39%"
"07/18/2024","117.000","117.500","117.500","117.500","","-0.38%"
"07/17/2024","117.449","117.514","117.522","117.449","","0.38%"
"07/16/2024","117.000","117.500","117.500","117.500","","0.00%"
"07/15/2024","117.000","117.500","117.500","117.500","","-0.43%"
"07/12/2024","117.502","117.493","117.502","117.289","","0.43%"
"07/11/2024","117.000","117.500","117.500","117.500","","0.00%"
"07/10/2024","117.000","117.500","117.500","117.500","","0.00%"
"07/09/2024","117.000","117.500","117.500","117.500","","0.00%"
"07/08/2024","117.000","117.500","117.500","117.500","","-0.28%"
"07/05/2024","117.330","117.527","117.527","117.322","","0.28%"
"07/04/2024","117.000","117.500","117.500","117.500","","0.00%"
"07/03/2024","117.000","117.500","117.500","117.500","","0.00%"
"07/02/2024","117.000","117.500","117.500","117.500","","-0.43%"
"07/01/2024","117.507","117.394","117.507","117.107","","0.00%"
"06/28/2024","117.512","117.537","117.567","117.447","","0.44%"
"06/27/2024","117.000","117.500","117.500","117.500","","0.00%"
"06/26/2024","117.000","117.500","117.500","117.500","","0.00%"
"06/25/2024","117.000","117.500","117.500","117.500","","0.00%"
"06/24/2024","117.000","117.500","117.500","117.500","","-0.40%"
"06/21/2024","117.475","117.480","117.739","117.475","","0.41%"
"06/20/2024","117.000","117.500","117.500","117.500","","0.00%"
"06/19/2024","117.000","117.500","117.500","117.500","","-0.44%"
"06/18/2024","117.519","117.482","117.519","117.220","","0.03%"
"06/17/2024","117.482","117.417","117.482","117.417","","-0.01%"
"06/14/2024","117.491","117.778","118.150","117.491","","0.42%"
"06/13/2024","117.000","117.500","117.500","117.500","","0.00%"
"06/12/2024","117.000","117.500","117.500","117.500","","0.00%"
"06/11/2024","117.000","117.500","117.500","117.500","","0.00%"
"06/10/2024","117.000","117.500","117.500","117.500","","-0.37%"
"06/07/2024","117.435","117.274","117.435","117.274","","0.41%"
"06/06/2024","116.950","117.450","117.450","117.450","","0.00%"
"06/05/2024","116.950","117.450","117.450","117.450","","0.00%"
"06/04/2024","116.950","117.400","117.450","117.400","","0.00%"
"06/03/2024","116.950","117.400","117.450","117.400","","-0.35%"
"05/31/2024","117.355","117.406","117.406","117.243","","0.39%"
"05/30/2024","116.900","117.350","117.400","117.350","","0.04%"
"05/29/2024","116.850","117.350","117.350","117.350","","0.00%"
"05/28/2024","116.850","117.350","117.350","117.350","","0.00%"
"05/27/2024","116.850","117.300","117.350","117.300","","-0.31%"
"05/24/2024","117.210","117.299","117.684","117.210","","0.35%"
"05/23/2024","116.800","117.150","117.300","117.150","","-0.35%"
"05/22/2024","117.212","117.178","117.264","117.178","","0.48%"
"05/21/2024","116.650","117.100","117.150","117.100","","0.04%"
"05/20/2024","116.600","117.000","117.100","117.000","","-0.42%"
"05/17/2024","117.091","117.094","117.193","117.091","","0.42%"
"05/16/2024","116.600","117.000","117.100","117.000","","0.00%"
"05/15/2024","116.600","117.000","117.100","117.000","","0.09%"
"05/14/2024","116.500","117.050","117.050","117.000","","0.00%"
"05/13/2024","116.500","117.000","117.000","117.000","","-0.42%"
"05/10/2024","116.994","117.027","117.027","116.518","","0.42%"
"05/09/2024","116.500","117.000","117.000","117.000","","6.39%"
"05/08/2024","109.500","109.750","109.750","109.750","","0.00%"
"05/07/2024","109.500","109.750","109.750","109.750","","0.00%"
"05/06/2024","109.500","109.750","109.750","109.750","","-0.19%"
"05/03/2024","109.708","109.787","109.787","109.473","","0.19%"
"05/02/2024","109.500","109.750","109.750","109.750","","-0.22%"
"05/01/2024","109.737","109.793","110.481","109.737","","0.22%"
"04/30/2024","109.500","109.750","109.750","109.750","","0.00%"
"04/29/2024","109.500","109.750","109.750","109.750","","-0.17%"
"04/26/2024","109.688","109.754","109.754","109.688","","0.17%"
"04/25/2024","109.500","109.750","109.750","109.750","","0.00%"
"04/24/2024","109.500","109.750","109.750","109.750","","0.00%"
"04/23/2024","109.500","109.750","109.750","109.750","","0.00%"
"04/22/2024","109.500","109.750","109.750","109.750","","-0.23%"
"04/19/2024","109.755","109.744","110.137","109.744","","0.23%"
"04/18/2024","109.500","109.750","109.750","109.750","","0.00%"
"04/17/2024","109.500","109.750","109.750","109.750","","0.00%"
"04/16/2024","109.500","109.750","109.750","109.750","","0.00%"
"04/15/2024","109.500","109.750","109.750","109.750","","-0.18%"
"04/12/2024","109.693","109.743","109.787","109.693","","-0.05%"
"04/11/2024","109.743","109.877","111.006","109.743","","-0.12%"
"04/10/2024","109.877","109.764","109.877","109.764","","0.34%"
"04/09/2024","109.500","109.750","109.750","109.750","","0.00%"
"04/08/2024","109.500","109.750","109.750","109.750","","-0.23%"
"04/05/2024","109.748","109.729","109.939","109.729","","0.23%"
"04/04/2024","109.500","109.750","109.750","109.750","","0.00%"
"04/03/2024","109.500","109.750","109.750","109.750","","0.00%"
"04/02/2024","109.500","109.750","109.750","109.750","","0.00%"
"04/01/2024","109.500","109.750","109.750","109.750","","-0.23%"
"03/29/2024","109.747","109.730","109.843","109.730","","0.23%"
"03/28/2024","109.500","109.750","109.750","109.750","","0.00%"
"03/27/2024","109.500","109.750","109.750","109.750","","-0.25%"
"03/26/2024","109.770","109.738","109.770","109.635","","0.25%"
"03/25/2024","109.500","109.750","109.750","109.750","","-0.18%"
"03/22/2024","109.699","109.742","109.742","109.699","","0.18%"
"03/21/2024","109.500","109.750","109.750","109.750","","0.00%"
"03/20/2024","109.500","109.750","109.750","109.750","","0.00%"
"03/19/2024","109.500","109.750","109.750","109.750","","0.00%"
"03/18/2024","109.500","109.750","109.750","109.750","","-0.23%"
"03/15/2024","109.758","109.778","110.398","109.758","","0.24%"
"03/14/2024","109.500","109.750","109.750","109.750","","0.00%"
"03/13/2024","109.500","109.750","109.750","109.750","","0.02%"
"03/12/2024","109.480","109.625","109.750","109.605","","-0.02%"
"03/11/2024","109.500","109.750","109.750","109.750","","-0.26%"
"03/08/2024","109.788","109.265","109.788","109.208","","0.26%"
"03/07/2024","109.500","109.750","109.750","109.750","","0.00%"
"03/06/2024","109.500","109.750","109.750","109.750","","0.00%"
"03/05/2024","109.500","109.750","109.750","109.750","","0.00%"
"03/04/2024","109.500","109.750","109.750","109.750","","-0.19%"
"03/01/2024","109.707","109.801","109.885","109.707","","0.19%"
"02/29/2024","109.500","109.750","109.750","109.750","","0.00%"
"02/28/2024","109.500","109.750","109.750","109.750","","0.00%"
"02/27/2024","109.500","109.750","109.750","109.750","","-0.21%"
"02/26/2024","109.729","109.657","109.861","109.657","","-0.04%"
"02/23/2024","109.777","109.778","110.065","109.777","","0.25%"
"02/22/2024","109.500","109.750","109.750","109.750","","-0.22%"
"02/21/2024","109.744","109.766","109.766","109.618","","0.22%"
"02/20/2024","109.500","109.750","109.750","109.750","","0.00%"
"02/19/2024","109.500","109.750","109.750","109.750","","-0.26%"
"02/16/2024","109.786","109.702","109.786","109.450","","0.26%"
"02/15/2024","109.500","109.750","109.750","109.750","","0.00%"
"02/14/2024","109.500","109.750","109.750","109.750","","0.00%"
"02/13/2024","109.500","109.750","109.750","109.750","","0.00%"
"02/12/2024","109.500","109.750","109.750","109.750","","-0.22%"
"02/09/2024","109.742","109.806","109.806","109.630","","0.22%"
"02/08/2024","109.500","109.750","109.750","109.750","","0.00%"
"02/07/2024","109.500","109.750","109.750","109.750","","0.00%"
"02/06/2024","109.500","109.750","109.750","109.750","","0.00%"
"02/05/2024","109.500","109.750","109.750","109.750","","-0.25%"
"02/02/2024","109.773","109.713","109.773","109.111","","0.25%"
"02/01/2024","109.500","109.750","109.750","109.750","","0.00%"
"01/31/2024","109.500","109.750","109.750","109.750","","0.00%"
"01/30/2024","109.500","109.750","109.750","109.750","","0.00%"
"01/29/2024","109.500","109.750","109.750","109.750","","-0.25%"
"01/26/2024","109.772","109.797","110.258","109.772","","0.25%"
"01/25/2024","109.500","109.750","109.750","109.750","","0.00%"
"01/24/2024","109.500","109.750","109.750","109.750","","0.00%"
"01/23/2024","109.500","109.750","109.750","109.750","","0.00%"
"01/22/2024","109.500","109.750","109.750","109.750","","-0.29%"
"01/19/2024","109.818","109.755","109.818","109.755","","0.29%"
"01/18/2024","109.500","109.750","109.750","109.750","","0.00%"
"01/17/2024","109.500","109.750","109.750","109.750","","0.00%"
"01/16/2024","109.500","109.750","109.750","109.750","","0.00%"
"01/15/2024","109.500","109.750","109.750","109.750","","-0.17%"
"01/12/2024","109.687","109.767","109.809","109.687","","0.17%"
"01/11/2024","109.500","109.750","109.750","109.750","","0.00%"
"01/10/2024","109.500","109.750","109.750","109.750","","0.00%"
"01/09/2024","109.500","109.750","109.750","109.750","","0.00%"
"01/08/2024","109.500","109.750","109.750","109.750","","-0.21%"
"01/05/2024","109.736","109.734","109.736","109.714","","0.22%"
"01/04/2024","109.500","109.750","109.750","109.750","","0.00%"
"01/03/2024","109.500","109.750","109.750","109.750","","0.00%"
"01/02/2024","109.500","109.750","109.750","109.750","","0.00%"
"01/01/2024","109.500","109.750","109.750","109.750","","-0.23%"
"12/29/2023","109.754","110.309","110.309","109.754","","0.23%"
"12/28/2023","109.500","109.750","109.750","109.750","","0.00%"
"12/27/2023","109.500","109.750","109.750","109.750","","0.00%"
"12/26/2023","109.500","109.750","109.750","109.750","","-0.41%"
"12/25/2023","109.946","109.872","109.964","109.872","","0.07%"
"12/22/2023","109.869","109.726","109.869","109.573","","0.34%"
"12/21/2023","109.500","109.750","109.750","109.750","","0.00%"
"12/20/2023","109.500","109.750","109.750","109.750","","0.00%"
"12/19/2023","109.500","109.750","109.750","109.750","","0.00%"
"12/18/2023","109.500","109.750","109.750","109.750","","-0.54%"
"12/15/2023","110.092","109.967","110.092","109.451","","0.31%"
"12/14/2023","109.750","110.000","110.000","110.000","","0.00%"
"12/13/2023","109.750","110.000","110.000","110.000","","0.00%"
"12/12/2023","109.750","110.000","110.000","110.000","","0.00%"
"12/11/2023","109.750","110.000","110.000","110.000","","-0.24%"
"12/08/2023","110.016","110.083","110.083","109.827","","0.24%"
"12/07/2023","109.750","110.375","110.750","110.000","","0.00%"
"12/06/2023","109.750","110.000","110.000","110.000","","0.00%"
"12/05/2023","109.750","110.000","110.000","110.000","","0.00%"
"12/04/2023","109.750","110.000","110.000","110.000","","-0.48%"
"12/01/2023","110.280","110.263","110.340","110.263","","0.25%"
"11/30/2023","110.000","110.250","110.250","110.250","","0.00%"
"11/29/2023","110.000","110.250","110.250","110.250","","0.00%"
"11/28/2023","110.000","110.250","110.250","110.250","","0.00%"
"11/27/2023","110.000","110.250","110.250","110.250","","-0.16%"
"11/24/2023","110.177","110.325","110.385","110.177","","0.16%"
"11/23/2023","110.000","110.250","110.250","110.250","","-0.45%"
"11/22/2023","110.500","110.250","110.750","110.250","","0.00%"
"11/21/2023","110.500","110.250","110.750","110.250","","0.00%"
"11/20/2023","110.500","110.250","110.750","110.250","","-0.25%"
"11/17/2023","110.782","110.821","110.821","110.744","","0.25%"
"11/16/2023","110.500","110.750","110.750","110.750","","0.00%"
"11/15/2023","110.500","110.750","110.750","110.750","","0.00%"
"11/14/2023","110.500","110.750","110.750","110.750","","0.00%"
"11/13/2023","110.500","110.250","110.750","110.250","","0.25%"
"11/10/2023","110.220","110.244","110.422","110.220","","0.20%"
"11/09/2023","110.000","110.750","110.750","110.250","","-0.45%"
"11/08/2023","110.500","110.250","110.750","110.250","","0.45%"
"11/07/2023","110.000","110.750","110.750","110.250","","0.00%"
"11/06/2023","110.000","110.750","110.750","110.250","","-0.62%"
"11/03/2023","110.684","110.560","110.868","110.560","","0.17%"
"11/02/2023","110.500","110.750","110.750","110.750","","0.45%"
"11/01/2023","110.000","110.250","110.250","110.250","","0.00%"
"10/31/2023","110.000","110.250","110.250","110.250","","0.00%"
"10/30/2023","110.000","110.250","110.250","110.250","","-0.32%"
"10/27/2023","110.350","110.268","110.350","110.044","","0.32%"
"10/26/2023","110.000","110.250","110.250","110.250","","0.00%"
"10/25/2023","110.000","110.250","110.250","110.250","","-0.24%"
"10/24/2023","110.265","110.213","110.265","109.423","","0.24%"
"10/23/2023","110.000","110.250","110.250","110.250","","-0.22%"
"10/20/2023","110.241","110.215","110.241","109.993","","0.22%"
"10/19/2023","110.000","110.250","110.250","110.250","","0.00%"
"10/18/2023","110.000","110.250","110.250","110.250","","0.00%"
"10/17/2023","110.000","110.250","110.250","110.250","","0.00%"
"10/16/2023","110.000","110.250","110.250","110.250","","-0.23%"
"10/13/2023","110.251","110.254","111.083","110.251","","0.23%"
"10/12/2023","110.000","110.250","110.250","110.250","","0.00%"
"10/11/2023","110.000","110.250","110.250","110.250","","0.00%"
"10/10/2023","110.000","110.250","110.250","110.250","","0.00%"
"10/09/2023","110.000","110.250","110.250","110.250","","-0.25%"
"10/06/2023","110.274","109.942","110.274","109.942","","0.25%"
"10/05/2023","110.000","110.250","110.250","110.250","","0.00%"
"10/04/2023","110.000","110.250","110.250","110.250","","0.00%"
"10/03/2023","110.000","110.250","110.250","110.250","","0.00%"
"10/02/2023","110.000","110.250","110.250","110.250","","-0.34%"
"09/29/2023","110.371","110.269","110.371","109.993","","0.09%"
"09/28/2023","110.269","110.388","110.677","110.269","","0.24%"
"09/27/2023","110.000","110.250","110.250","110.250","","0.00%"
"09/26/2023","110.000","110.250","110.250","110.250","","0.00%"
"09/25/2023","110.000","110.250","110.250","110.250","","0.25%"
"09/22/2023","109.729","109.820","109.820","109.679","","0.21%"
"09/21/2023","109.500","109.750","109.750","109.750","","0.00%"
"09/20/2023","109.500","109.750","109.750","109.750","","0.00%"
"09/19/2023","109.500","109.750","109.750","109.750","","0.00%"
"09/18/2023","109.500","109.750","109.750","109.750","","-0.23%"
"09/15/2023","109.754","109.742","110.697","109.742","","0.23%"
"09/14/2023","109.500","109.750","109.750","109.250","","0.00%"
"09/13/2023","109.500","109.750","109.750","109.750","","0.00%"
"09/12/2023","109.500","109.750","109.750","109.750","","0.00%"
"09/11/2023","109.500","109.750","109.750","109.750","","-0.21%"
"09/08/2023","109.732","109.713","109.732","109.668","","0.21%"
"09/07/2023","109.500","109.750","109.750","109.750","","-0.15%"
"09/06/2023","109.666","109.924","109.924","109.666","","0.15%"
"09/05/2023","109.500","109.750","109.750","109.750","","-0.36%"
"09/04/2023","109.900","109.750","109.950","109.750","","0.59%"
"09/01/2023","109.258","109.259","109.607","109.258","","0.24%"
"08/31/2023","109.000","109.450","109.450","109.250","","0.00%"
"08/30/2023","109.000","109.250","109.450","109.250","","-0.37%"
"08/29/2023","109.400","109.250","109.450","109.250","","0.37%"
"08/28/2023","109.000","109.250","109.450","109.250","","-0.18%"
"08/25/2023","109.192","109.247","109.862","109.192","","0.18%"
"08/24/2023","109.000","109.250","109.450","109.250","","-0.37%"
"08/23/2023","109.400","109.250","109.450","109.250","","0.37%"
"08/22/2023","109.000","109.250","109.450","109.250","","-0.37%"
"08/21/2023","109.400","109.250","109.450","109.250","","-0.03%"
"08/18/2023","109.430","109.430","109.430","109.430","","0.03%"
"08/17/2023","109.400","109.250","109.450","109.250","","0.00%"
"08/16/2023","109.400","109.250","109.450","109.250","","-0.06%"
"08/15/2023","109.462","109.519","109.833","109.462","","0.06%"
"08/14/2023","109.400","109.250","109.450","109.250","","-0.05%"
"08/11/2023","109.456","109.450","109.846","109.450","","0.05%"
"08/10/2023","109.400","109.250","109.450","109.250","","0.00%"
"08/09/2023","109.400","109.250","109.450","109.250","","0.00%"
"08/08/2023","109.400","109.450","109.450","109.250","","0.06%"
"08/07/2023","109.330","109.450","109.450","109.380","","0.28%"
"08/04/2023","109.027","108.952","109.027","108.794","","0.07%"
"08/03/2023","108.950","109.450","109.450","109.000","","-0.41%"
"08/02/2023","109.400","109.450","109.450","109.450","","0.85%"
"08/01/2023","108.480","108.950","109.450","108.530","","0.01%"
"07/31/2023","108.470","108.950","108.950","108.520","","0.09%"
"07/28/2023","108.373","108.551","110.071","108.373","","-0.09%"
"07/27/2023","108.470","108.950","108.950","108.520","","-0.01%"
"07/26/2023","108.480","108.950","108.950","108.530","","0.00%"
"07/25/2023","108.480","108.950","108.950","108.530","","-0.02%"
"07/24/2023","108.500","108.750","108.950","108.550","","-0.07%"
"07/21/2023","108.573","108.554","108.573","108.554","","0.08%"
"07/20/2023","108.490","108.950","108.950","108.540","","-0.01%"
"07/19/2023","108.500","108.950","108.950","108.550","","0.02%"
"07/18/2023","108.480","108.950","108.950","108.530","","-0.24%"
"07/17/2023","108.740","108.950","108.950","108.790","","0.02%"
"07/14/2023","108.714","108.745","108.745","108.272","","-0.01%"
"07/13/2023","108.720","108.950","108.950","108.770","","0.00%"
"07/12/2023","108.720","108.950","108.950","108.770","","-0.02%"
"07/11/2023","108.740","108.950","108.950","108.790","","0.18%"
"07/10/2023","108.540","108.950","108.950","108.590","","-0.10%"
"07/07/2023","108.647","108.651","108.655","108.647","","0.06%"
"07/06/2023","108.580","108.950","108.950","108.630","","0.17%"
"07/05/2023","108.400","108.930","108.930","108.450","","0.09%"
"07/04/2023","108.300","108.930","108.930","108.350","","0.12%"
"07/03/2023","108.170","108.950","108.950","108.220","","-0.01%"
"06/30/2023","108.186","108.165","108.732","108.165","","0.02%"
"06/29/2023","108.165","108.246","108.662","108.165","","-0.07%"
"06/28/2023","108.246","108.244","108.246","108.171","","0.00%"
"06/27/2023","108.244","108.183","108.244","108.183","","0.11%"
"06/26/2023","108.130","109.300","109.300","108.180","","-0.50%"
"06/23/2023","108.670","108.184","108.670","108.184","","0.50%"
"06/22/2023","108.130","109.300","109.300","108.180","","-0.01%"
"06/21/2023","108.140","109.300","109.300","108.190","","-0.02%"
"06/20/2023","108.160","109.300","109.300","108.210","","-0.03%"
"06/19/2023","108.190","109.400","109.400","108.240","","0.03%"
"06/16/2023","108.156","108.323","108.323","107.265","","-0.04%"
"06/15/2023","108.200","109.300","109.300","108.250","","-0.96%"
"06/14/2023","109.250","108.440","109.300","108.440","","0.92%"
"06/13/2023","108.250","108.820","109.300","108.350","","-0.04%"
"06/12/2023","108.290","109.250","109.255","108.340","","0.09%"
"06/09/2023","108.193","108.249","108.249","107.733","","-0.02%"
"06/08/2023","108.210","108.800","109.200","108.260","","0.27%"
"06/07/2023","107.920","108.300","108.800","107.970","","0.05%"
"06/06/2023","107.870","108.300","108.300","107.920","","0.18%"
"06/05/2023","107.680","108.200","108.200","107.730","","0.36%"
"06/02/2023","107.295","107.234","107.295","106.746","","0.06%"
"06/01/2023","107.230","108.200","108.200","107.280","","0.03%"
"05/31/2023","107.200","108.150","108.150","107.250","","-0.04%"
"05/30/2023","107.240","108.500","108.500","107.290","","0.06%"
"05/29/2023","107.180","108.350","108.350","107.230","","-0.02%"
"05/26/2023","107.205","107.178","107.205","107.178","","0.04%"
"05/25/2023","107.160","108.700","108.700","107.210","","-0.02%"
"05/24/2023","107.180","108.650","108.650","107.230","","-0.57%"
"05/23/2023","107.790","108.550","108.645","107.140","","0.55%"
"05/22/2023","107.200","108.700","108.700","107.250","","-0.12%"
"05/19/2023","107.324","107.341","107.725","107.324","","0.06%"
"05/18/2023","107.260","108.250","108.250","107.310","","-0.08%"
"05/17/2023","107.350","108.300","108.300","107.400","","-0.01%"
"05/16/2023","107.360","108.200","108.200","107.410","","-0.45%"
"05/15/2023","107.850","107.510","107.900","107.510","","0.48%"
"05/11/2023","107.340","107.700","107.700","107.390","","0.01%"
"05/10/2023","107.330","107.700","107.700","107.380","","-0.38%"
"05/09/2023","107.740","107.700","108.240","107.260","","0.76%"
"05/08/2023","106.930","107.650","108.130","106.980","","0.46%"
"05/03/2023","106.440","107.000","107.300","106.490","","0.36%"
"05/02/2023","106.060","107.000","107.000","106.110","","-0.04%"
"04/27/2023","106.100","107.300","107.555","106.150","","-0.02%"
"04/26/2023","106.120","107.650","107.730","106.170","","-1.28%"
"04/25/2023","107.500","107.650","107.650","106.180","","1.32%"
"04/24/2023","106.100","107.650","107.650","106.150","","-0.01%"
"04/18/2023","106.110","107.500","107.655","106.160","","-0.13%"
"04/17/2023","106.250","107.600","107.600","106.300","","-0.11%"
"04/13/2023","106.370","107.550","107.550","106.420","","0.03%"
"04/12/2023","106.340","107.400","107.400","106.390","","0.06%"
"04/11/2023","106.280","107.300","107.300","106.330","","0.11%"
"04/10/2023","106.160","107.150","107.150","106.215","","0.33%"
"04/06/2023","105.810","107.700","107.700","105.860","","-1.48%"
"04/05/2023","107.400","107.450","107.450","105.720","","1.83%"
"04/04/2023","105.470","107.200","107.200","105.520","","0.22%"
"04/03/2023","105.240","107.700","107.700","105.290","","-1.83%"
"03/30/2023","107.200","107.250","107.250","107.250","","0.79%"
"03/29/2023","106.360","107.250","107.280","105.110","","-1.20%"
"03/28/2023","107.650","107.700","107.700","107.700","","2.48%"
"03/27/2023","105.040","107.700","107.700","105.090","","-0.01%"
"03/23/2023","105.050","107.700","107.700","105.100","","-0.01%"
"03/22/2023","105.060","107.600","107.600","105.110","","-1.36%"
"03/21/2023","106.510","107.600","107.600","105.220","","1.21%"
"03/20/2023","105.240","107.600","107.600","105.290","","-1.41%"
"03/16/2023","106.750","107.450","107.575","105.440","","1.28%"
"03/15/2023","105.400","107.250","107.250","105.450","","-0.13%"
"03/14/2023","105.540","106.880","106.880","105.590","","0.10%"
"03/13/2023","105.430","106.880","106.880","105.480","","0.06%"
"03/09/2023","105.370","106.000","106.000","105.420","","0.13%"
"03/07/2023","105.230","106.400","106.400","105.280","","0.32%"
"03/06/2023","104.890","106.250","106.250","104.940","","-1.51%"
"03/02/2023","106.500","104.650","107.125","104.650","","1.99%"
"03/01/2023","104.420","107.200","107.315","104.470","","-0.03%"
"02/28/2023","104.450","106.550","106.960","104.500","","-2.02%"
"02/27/2023","106.600","106.650","107.075","104.340","","0.01%"
"02/23/2023","106.590","106.850","107.175","106.745","","-0.04%"
"02/22/2023","106.630","105.850","107.115","105.850","","0.45%"
"02/20/2023","106.150","106.250","106.250","106.200","","0.38%"
"02/16/2023","105.750","107.200","107.200","105.800","","-0.42%"
"02/15/2023","106.200","106.700","107.150","106.250","","-0.84%"
"02/14/2023","107.100","107.025","107.150","107.200","","0.23%"
"02/13/2023","106.850","106.900","106.900","106.900","","2.12%"
"02/09/2023","104.630","106.750","107.150","104.680","","-1.66%"
"02/08/2023","106.400","106.450","106.450","106.450","","0.16%"
"02/07/2023","106.230","106.800","106.975","106.540","","0.01%"
"02/06/2023","106.220","107.150","107.150","106.710","","-1.01%"
"02/02/2023","107.300","106.900","107.350","106.120","","1.63%"
"02/01/2023","105.580","106.900","106.900","106.080","","-1.05%"
"01/31/2023","106.700","106.150","106.750","106.150","","0.76%"
"01/30/2023","105.900","106.050","106.275","105.800","","0.38%"
"01/27/2023","105.500","106.000","106.000","106.000","","0.00%"
"01/26/2023","105.500","104.500","106.000","104.500","","0.86%"
"01/25/2023","104.600","106.450","106.475","103.870","","-1.51%"
"01/24/2023","106.200","106.070","106.600","103.980","","0.66%"
"01/23/2023","105.500","106.350","106.455","104.030","","0.38%"
"01/19/2023","105.100","106.460","106.950","103.810","","-0.57%"
"01/18/2023","105.700","106.400","106.675","103.820","","1.93%"
"01/17/2023","103.700","106.500","106.800","103.800","","-0.20%"
"01/16/2023","103.910","106.850","106.900","103.960","","-0.09%"
"01/13/2023","104.000","104.450","104.450","104.450","","-0.13%"
"01/12/2023","104.140","106.500","106.850","104.190","","0.04%"
"01/11/2023","104.100","106.500","106.500","104.215","","-0.86%"
"01/10/2023","105.000","106.500","106.500","104.120","","0.48%"
"01/09/2023","104.500","106.500","106.500","103.860","","1.06%"
"01/06/2023","103.400","103.800","103.850","103.750","","-0.10%"
"01/05/2023","103.500","106.500","106.500","103.595","","0.19%"
"01/04/2023","103.300","106.500","106.500","103.330","","-0.05%"
"01/03/2023","103.350","106.500","106.500","103.310","","-2.45%"
"01/02/2023","105.950","103.300","106.450","102.890","","3.37%"
"12/30/2022","102.500","103.100","103.100","103.100","","-0.10%"
"12/29/2022","102.600","106.400","106.400","102.660","","-2.66%"
"12/28/2022","105.400","103.400","106.040","102.690","","2.63%"
"12/27/2022","102.700","103.750","103.850","102.580","","-1.20%"
"12/26/2022","103.950","104.000","104.000","104.000","","-1.19%"
"12/23/2022","105.200","105.900","105.900","105.850","0.00K","0.00%"
"12/22/2022","105.200","104.000","105.935","102.870","0.01K","-0.19%"
"12/21/2022","105.400","104.000","106.020","102.740","0.01K","2.83%"
"12/20/2022","102.500","104.050","106.250","102.595","0.01K","-3.03%"
"12/19/2022","105.700","104.150","106.370","104.150","0.01K","1.54%"
"12/16/2022","104.100","104.250","104.250","104.250","","-0.10%"
"12/15/2022","104.200","103.850","104.400","103.850","0.00K","1.07%"
"12/14/2022","103.100","103.850","103.850","103.200","0.00K","-0.58%"
"12/13/2022","103.700","103.350","103.750","103.350","0.00K","0.10%"
"12/12/2022","103.600","103.350","103.900","102.860","0.00K","0.88%"
"12/08/2022","102.700","103.100","103.625","102.725","0.01K","-0.63%"
"12/07/2022","103.350","103.250","103.700","102.665","0.01K","0.24%"
"12/06/2022","103.100","103.150","103.550","103.050","0.01K","0.19%"
"12/05/2022","102.900","103.000","103.500","102.400","0.01K","0.68%"
"12/02/2022","102.200","102.400","102.400","102.400","","-0.10%"
"12/01/2022","102.300","101.700","102.600","101.450","0.01K","0.79%"
"11/30/2022","101.500","101.450","101.800","101.450","0.01K","0.10%"
"11/29/2022","101.400","101.450","105.550","101.450","0.01K","-3.43%"
"11/28/2022","105.000","101.800","105.650","101.640","0.01K","3.24%"
"11/25/2022","101.700","102.100","102.100","102.100","","-0.10%"
"11/24/2022","101.800","102.400","102.400","101.850","0.00K","0.20%"
"11/23/2022","101.600","103.400","103.400","101.830","0.01K","-0.59%"
"11/22/2022","102.200","103.400","103.400","102.335","0.00K","-0.58%"
"11/21/2022","102.800","103.400","103.575","102.940","0.00K","0.19%"
"11/18/2022","102.600","103.050","103.050","103.050","","-0.10%"
"11/17/2022","102.700","103.600","103.600","102.875","0.01K","0.10%"
"11/16/2022","102.600","102.550","103.000","102.550","0.00K","0.20%"
"11/15/2022","102.400","102.550","102.750","102.500","0.00K","0.29%"
"11/14/2022","102.100","101.700","102.670","101.700","0.01K","0.39%"
"11/11/2022","101.700","102.150","102.150","102.150","","-0.10%"
"11/10/2022","101.800","101.650","102.260","101.650","0.01K","-2.86%"
"11/09/2022","104.800","101.650","105.700","101.650","0.01K","3.42%"
"11/08/2022","101.330","101.850","101.850","101.380","0.01K","-0.36%"
"11/07/2022","101.700","102.200","102.375","101.800","0.00K","-0.93%"
"11/04/2022","102.650","102.650","102.650","102.650","","-0.05%"
"11/03/2022","102.700","101.950","102.800","101.900","0.00K","0.98%"
"11/02/2022","101.700","101.110","102.100","101.070","0.01K","0.89%"
"11/01/2022","100.800","101.450","101.900","100.905","0.01K","0.00%"
"10/31/2022","100.800","101.450","101.600","100.905","0.01K","-0.30%"
"10/28/2022","101.100","101.650","101.650","101.200","0.00K","-0.16%"
"10/27/2022","101.260","101.450","101.470","101.310","0.00K","-0.14%"
"10/26/2022","101.400","101.450","101.660","101.450","0.01K","-3.61%"
"10/25/2022","105.200","101.450","105.700","101.450","0.01K","3.65%"
"10/24/2022","101.500","100.950","101.780","100.950","0.00K","0.30%"
"10/20/2022","101.200","101.500","105.940","101.300","0.01K","-4.37%"
"10/19/2022","105.820","101.700","105.820","101.500","0.00K","0.02%"
"10/18/2022","105.800","102.925","105.850","101.730","0.01K","3.32%"
"10/17/2022","102.400","105.950","105.950","102.575","0.01K","0.49%"
"10/14/2022","101.900","102.750","102.750","102.650","0.00K","-0.10%"
"10/13/2022","102.000","105.600","105.600","102.065","0.01K","0.49%"
"10/12/2022","101.500","105.750","105.750","101.610","0.01K","-0.10%"
"10/11/2022","101.600","105.000","105.000","101.640","0.01K","0.34%"
"10/10/2022","101.260","102.300","105.250","100.680","0.00K","-1.59%"
"10/06/2022","102.900","101.010","103.575","101.010","0.01K","1.28%"
"10/04/2022","101.600","101.710","103.045","101.010","0.01K","0.10%"
"10/03/2022","101.500","101.700","102.080","101.250","0.01K","0.40%"
"09/30/2022","101.100","101.250","101.250","101.250","","-0.10%"
"09/29/2022","101.200","101.230","101.300","101.230","0.00K","-1.08%"
"09/28/2022","102.300","102.525","103.100","102.425","0.01K","1.47%"
"09/27/2022","100.820","102.430","102.430","100.870","","-1.73%"
"09/26/2022","102.600","100.870","103.150","100.870","0.00K","0.00%"
"09/23/2022","102.600","103.100","103.200","103.050","0.00K","-0.10%"
"09/22/2022","102.700","102.925","103.200","102.825","0.01K","-0.48%"
"09/21/2022","103.200","103.550","103.700","103.400","0.01K","-0.10%"
"09/20/2022","103.300","103.550","103.700","103.450","0.00K","-0.48%"
"09/19/2022","103.800","103.500","104.400","103.500","0.01K","0.00%"
"09/16/2022","103.800","104.400","104.400","104.400","","-0.10%"
"09/15/2022","103.900","104.500","104.500","103.050","0.01K","-0.05%"
"09/14/2022","103.950","102.430","104.000","102.430","0.01K","1.51%"
"09/13/2022","102.400","102.400","0.000","0.000","","7.89%"
"09/12/2022","94.910","95.025","95.055","94.980","0.00K","0.00%"
"09/09/2022","94.910","95.395","95.430","95.395","0.00K","-0.09%"
"09/08/2022","95.000","95.025","95.025","95.025","","0.00%"
"09/07/2022","95.000","95.025","95.025","95.025","","0.09%"
"09/06/2022","94.910","95.025","95.055","94.980","0.01K","0.00%"
"09/05/2022","94.910","95.025","95.135","94.980","0.01K","0.09%"
"09/02/2022","94.820","95.110","95.110","95.110","","-0.09%"
"09/01/2022","94.910","95.025","95.055","94.980","0.00K","0.00%"
"08/31/2022","94.910","95.025","95.135","94.980","0.00K","-0.09%"
"08/30/2022","95.000","95.025","95.025","95.025","","0.09%"
"08/29/2022","94.910","95.025","95.270","94.890","0.01K","0.19%"
"08/26/2022","94.730","95.010","95.265","94.920","0.00K","-0.19%"
"08/25/2022","94.910","95.025","95.055","94.980","0.01K","0.00%"
"08/24/2022","94.910","95.025","95.055","94.980","0.01K","0.02%"
"08/23/2022","94.890","95.025","95.060","94.970","0.01K","-0.02%"
"08/22/2022","94.910","95.025","95.420","94.980","0.01K","-0.03%"
"08/19/2022","94.940","95.365","95.365","95.365","","0.03%"
"08/18/2022","94.910","95.010","95.010","95.010","","0.00%"
"08/17/2022","94.910","94.985","95.055","94.965","0.01K","0.00%"
"08/16/2022","94.910","95.025","95.030","94.980","0.01K","0.09%"
"08/15/2022","94.820","95.010","95.235","94.965","0.00K","-0.09%"
"08/11/2022","94.910","94.975","95.095","94.930","0.01K","-0.04%"
"08/10/2022","94.950","94.700","95.070","94.700","0.01K","0.36%"
"08/09/2022","94.610","94.965","95.050","94.865","0.00K","-0.10%"
"08/08/2022","94.700","94.700","94.725","94.700","0.01K","0.28%"
"08/05/2022","94.440","94.965","94.965","94.965","","-0.10%"
"08/04/2022","94.530","94.725","94.760","94.640","0.01K","-0.18%"
"08/03/2022","94.700","94.710","94.755","94.680","0.01K","0.00%"
"08/02/2022","94.700","94.700","94.725","94.700","0.01K","0.10%"
"08/01/2022","94.610","94.700","95.010","94.595","0.01K","0.18%"
"07/29/2022","94.440","94.880","94.880","94.880","","-0.10%"
"07/28/2022","94.530","94.725","94.760","94.640","0.01K","-0.08%"
"07/27/2022","94.610","94.700","94.830","94.680","0.01K","-0.10%"
"07/26/2022","94.700","94.450","94.755","94.450","0.01K","0.51%"
"07/25/2022","94.220","94.475","94.650","94.360","0.01K","-0.10%"
"07/22/2022","94.310","94.575","94.575","94.575","","-0.10%"
"07/21/2022","94.400","93.950","94.450","93.950","0.01K","0.48%"
"07/20/2022","93.950","93.975","93.975","93.950","0.00K","0.00%"
"07/19/2022","93.950","93.950","93.975","93.950","0.01K","0.34%"
"07/18/2022","93.630","93.975","94.080","93.500","0.01K","-0.29%"
"07/14/2022","93.900","93.975","93.975","93.950","0.00K","0.10%"
"07/13/2022","93.810","93.450","94.035","93.450","0.01K","0.44%"
"07/12/2022","93.400","93.475","93.475","93.450","0.01K","0.43%"
"07/11/2022","93.000","93.515","93.680","93.425","0.00K","-0.19%"
"07/08/2022","93.180","93.415","93.580","93.350","0.00K","-0.19%"
"07/07/2022","93.360","93.450","93.485","93.405","0.01K","0.05%"
"07/06/2022","93.310","93.450","93.485","93.405","0.01K","-0.05%"
"07/05/2022","93.360","93.475","93.480","93.430","0.01K","-0.04%"
"07/04/2022","93.400","93.475","93.475","93.450","0.01K","-0.05%"
"06/30/2022","93.450","93.475","93.475","93.450","0.00K","0.05%"
"06/29/2022","93.400","93.475","93.475","93.450","0.00K","0.10%"
"06/28/2022","93.310","92.950","93.455","92.860","0.01K","0.64%"
"06/27/2022","92.720","92.975","93.065","92.815","0.01K","0.10%"
"06/23/2022","92.630","92.975","92.990","92.815","0.01K","-0.25%"
"06/22/2022","92.860","92.950","92.985","92.860","0.01K","0.15%"
"06/21/2022","92.720","92.900","92.960","92.860","0.01K","-0.19%"
"06/20/2022","92.900","92.925","92.950","92.925","0.01K","0.10%"
"06/17/2022","92.810","92.915","92.915","92.915","","-0.10%"
"06/16/2022","92.900","92.950","92.950","92.900","0.00K","0.10%"
"06/15/2022","92.810","92.900","92.955","92.900","0.01K","-0.92%"
"06/14/2022","93.670","92.950","93.915","92.750","0.01K","-0.10%"
"06/13/2022","93.760","92.950","93.910","92.950","0.01K","1.02%"
"06/09/2022","92.810","92.950","93.030","92.905","0.01K","-0.10%"
"06/08/2022","92.900","92.500","92.975","92.300","0.01K","1.03%"
"06/07/2022","91.950","92.550","92.950","92.275","0.01K","0.79%"
"06/06/2022","91.230","91.550","91.940","91.415","0.01K","2.71%"
"06/03/2022","88.820","89.325","89.325","89.325","","-0.10%"
"06/02/2022","88.910","89.075","89.080","89.030","0.01K","0.00%"
"06/01/2022","88.910","89.075","89.080","89.030","0.01K","0.00%"
"05/31/2022","88.910","89.075","89.080","89.030","0.01K","-0.10%"
"05/30/2022","89.000","87.950","89.075","87.950","0.01K","1.56%"
"05/27/2022","87.630","87.935","87.935","87.935","","-0.10%"
"05/26/2022","87.720","87.950","87.965","87.860","0.01K","-0.10%"
"05/25/2022","87.810","87.950","87.960","87.905","0.01K","0.10%"
"05/24/2022","87.720","87.950","87.960","87.860","0.01K","0.00%"
"05/23/2022","87.720","87.550","87.965","87.550","0.01K","0.67%"
"05/20/2022","87.140","87.530","87.545","87.485","0.00K","-0.21%"
"05/19/2022","87.320","87.550","87.560","87.460","0.01K","-0.10%"
"05/18/2022","87.410","87.550","87.560","87.505","0.01K","0.00%"
"05/17/2022","87.410","87.550","87.555","87.505","0.01K","0.00%"
"05/16/2022","87.410","87.550","87.555","87.505","0.01K","0.92%"
"05/13/2022","86.610","86.930","86.930","86.930","","-0.10%"
"05/12/2022","86.700","86.695","86.725","86.695","0.01K","0.10%"
"05/11/2022","86.610","86.695","86.730","86.655","0.01K","-0.10%"
"05/10/2022","86.700","86.695","86.725","86.695","0.01K","0.21%"
"05/09/2022","86.520","86.445","86.740","86.445","0.01K","0.39%"
"05/06/2022","86.180","86.445","86.605","86.355","0.00K","-0.21%"
"05/05/2022","86.360","86.475","86.490","86.430","0.01K","0.10%"
"05/04/2022","86.270","86.770","86.810","86.770","0.00K","0.10%"
"05/03/2022","86.180","86.760","86.760","86.760","","-0.10%"
"05/02/2022","86.270","86.770","86.770","86.770","","-0.10%"
"04/29/2022","86.360","86.615","86.690","86.615","0.00K","0.00%"
"04/28/2022","86.360","86.475","86.560","86.405","0.01K","0.00%"
"04/27/2022","86.360","86.445","86.565","86.405","0.01K","0.00%"
"04/26/2022","86.360","86.195","86.545","86.155","0.01K","0.29%"
"04/25/2022","86.110","86.225","86.320","86.180","0.00K","0.10%"
"04/22/2022","86.020","86.430","86.450","86.385","0.00K","-0.21%"
"04/21/2022","86.200","86.195","86.225","86.195","0.01K","0.00%"
"04/20/2022","86.200","86.195","86.225","86.195","0.01K","0.10%"
"04/19/2022","86.110","86.195","86.315","86.155","0.01K","0.09%"
"04/18/2022","86.030","86.225","86.315","86.115","0.01K","0.10%"
"04/14/2022","85.940","86.465","86.470","86.425","0.00K","-0.20%"
"04/13/2022","86.110","86.195","86.390","86.155","0.01K","0.21%"
"04/12/2022","85.930","86.225","86.325","86.065","0.01K","-0.01%"
"04/11/2022","85.940","86.225","86.325","86.095","0.01K","-0.09%"
"04/08/2022","86.020","86.550","86.555","86.550","0.00K","-0.10%"
"04/07/2022","86.110","86.225","86.325","86.130","0.01K","0.12%"
"04/06/2022","86.010","86.195","86.315","86.105","0.01K","-0.10%"
"04/05/2022","86.100","86.225","86.320","86.115","0.01K","0.08%"
"04/04/2022","86.030","86.225","86.620","86.115","0.01K","-0.09%"
"04/01/2022","86.110","86.275","86.575","86.275","0.00K","-0.10%"
"03/31/2022","86.200","86.195","86.225","86.195","0.01K","0.00%"
"03/30/2022","86.200","86.195","86.225","86.195","0.01K","0.00%"
"03/29/2022","86.200","86.225","86.225","86.195","0.00K","0.10%"
"03/28/2022","86.110","86.195","86.320","86.155","0.01K","0.10%"
"03/25/2022","86.020","86.275","86.485","86.230","0.00K","-0.10%"
"03/24/2022","86.110","86.195","86.320","86.025","0.01K","-0.09%"
"03/23/2022","86.190","86.225","86.225","85.975","0.01K","-0.01%"
"03/22/2022","86.200","85.975","86.225","85.975","0.01K","0.23%"
"03/21/2022","86.000","85.975","86.025","85.975","0.01K","0.10%"
"03/17/2022","85.910","86.270","86.270","86.270","","-0.10%"
"03/16/2022","86.000","85.975","86.025","85.975","0.01K","0.16%"
"03/15/2022","85.860","85.975","86.120","85.930","0.01K","-0.06%"
"03/14/2022","85.910","85.975","86.120","85.955","0.01K","0.10%"
"03/11/2022","85.820","86.060","86.225","86.015","0.00K","-0.10%"
"03/10/2022","85.910","85.975","86.105","85.955","0.01K","0.00%"
"03/09/2022","85.910","85.975","86.030","85.930","0.01K","0.06%"
"03/08/2022","85.860","85.975","86.005","85.930","0.01K","-0.10%"
"03/07/2022","85.950","86.025","86.025","85.975","0.01K","0.24%"
"03/04/2022","85.740","86.145","86.210","86.060","0.00K","-0.20%"
"03/03/2022","85.910","85.975","86.190","85.955","0.01K","0.15%"
"03/02/2022","85.780","85.795","86.095","85.790","0.01K","0.09%"
"03/01/2022","85.700","85.975","86.020","85.750","0.01K","-0.08%"
"02/28/2022","85.770","85.975","86.085","85.885","0.01K","-0.21%"
"02/24/2022","85.950","85.975","85.975","85.975","","0.10%"
"02/23/2022","85.860","85.975","86.140","85.930","0.01K","0.09%"
"02/22/2022","85.780","85.975","86.080","85.890","0.01K","0.01%"
"02/18/2022","85.770","86.110","86.110","86.110","","-0.10%"
"02/17/2022","85.860","85.975","86.140","85.930","0.01K","0.00%"
"02/16/2022","85.860","85.975","85.980","85.930","0.01K","0.12%"
"02/15/2022","85.760","85.975","85.990","85.880","0.01K","-0.05%"
"02/14/2022","85.800","85.975","86.440","85.885","0.01K","0.03%"
"02/11/2022","85.770","85.935","86.395","85.890","0.00K","-0.21%"
"02/10/2022","85.950","85.975","85.975","85.975","","0.10%"
"02/09/2022","85.860","85.975","85.990","85.900","0.01K","0.07%"
"02/08/2022","85.800","85.975","85.990","85.900","0.01K","0.01%"
"02/07/2022","85.790","85.975","86.105","85.850","0.01K","0.11%"
"02/04/2022","85.700","85.980","85.980","85.980","","-0.10%"
"02/03/2022","85.790","85.975","85.990","85.895","0.01K","-0.01%"
"02/02/2022","85.800","85.975","86.000","85.900","0.01K","-0.17%"
"02/01/2022","85.950","85.975","85.975","85.975","","0.17%"
"01/31/2022","85.800","85.975","86.000","85.900","0.01K","-0.07%"
"01/27/2022","85.860","85.975","85.980","85.930","0.01K","0.00%"
"01/26/2022","85.860","85.975","85.985","85.930","0.01K","0.00%"
"01/25/2022","85.860","85.975","85.995","85.930","0.01K","0.07%"
"01/24/2022","85.800","85.975","86.000","85.900","0.01K","-0.07%"
"01/20/2022","85.860","85.975","85.985","85.930","0.01K","0.00%"
"01/19/2022","85.860","85.975","85.980","85.930","0.01K","0.14%"
"01/18/2022","85.740","85.975","85.990","85.870","0.01K","-0.24%"
"01/17/2022","85.950","85.975","85.975","85.975","","0.16%"
"01/13/2022","85.810","85.975","85.985","85.905","0.01K","-0.06%"
"01/12/2022","85.860","85.975","85.985","85.900","0.01K","0.07%"
"01/11/2022","85.800","85.975","85.985","85.900","0.01K","0.00%"
"01/10/2022","85.800","85.975","85.990","85.845","0.01K","0.13%"
"01/07/2022","85.690","85.935","85.945","85.850","0.00K","-0.20%"
"01/06/2022","85.860","85.775","85.980","85.775","0.01K","0.34%"
"01/05/2022","85.570","85.795","85.810","85.685","0.01K","-0.15%"
"01/04/2022","85.700","85.775","85.805","85.750","0.01K","0.09%"
"01/03/2022","85.620","85.775","85.820","85.710","0.01K","0.00%"